-- ============================================
-- 演示数据：商品（含分类、品牌、SKU、评论用户）
-- 数据来源：以 CRMEB v6 演示站结构为参考，标题保留中文品牌、去具体型号，
--           价格/库存做合理化处理；图片均已下载至本地 static/demo/
-- ============================================

-- 一级分类补充图片
UPDATE `mb_goods_category` SET `image` = 62 WHERE `id` = 1;
UPDATE `mb_goods_category` SET `image` = 63 WHERE `id` = 2;
UPDATE `mb_goods_category` SET `image` = 64 WHERE `id` = 3;
UPDATE `mb_goods_category` SET `image` = 65 WHERE `id` = 4;

-- 二级分类
INSERT INTO `mb_goods_category` (`id`, `pid`, `name`, `image`, `sort`, `status`) VALUES
(5,  1, '电脑数码', 66, 1, 1),
(6,  1, '摄影摄像', 67, 2, 1),
(7,  1, '时尚配饰', 68, 3, 1),
(8,  2, '女装',     69, 1, 1),
(9,  2, '男装',     70, 2, 1),
(10, 4, '家具软装', 71, 1, 1);

-- 规格模板
INSERT INTO `mb_goods_spec_template` (`id`, `name`, `detail`, `sort`, `status`) VALUES
(1, '数码电脑规格', '[{"name":"版本","add_pic":0,"values":[{"value":"12代酷睿版","pic":""},{"value":"13代酷睿版","pic":""}]},{"name":"配置","add_pic":0,"values":[{"value":"i5 16G 512G","pic":""},{"value":"i7 16G 512G","pic":""},{"value":"i7 32G 1T","pic":""}]}]', 1, 1),
(2, '服装规格', '[{"name":"尺寸","add_pic":0,"values":[{"value":"XS","pic":""},{"value":"S","pic":""},{"value":"M","pic":""},{"value":"L","pic":""},{"value":"XL","pic":""}]},{"name":"颜色分类","add_pic":1,"values":[{"value":"黑色","pic":""},{"value":"白色","pic":""}]}]', 2, 1),
(3, '家具规格', '[{"name":"颜色","add_pic":1,"values":[{"value":"原木色","pic":""},{"value":"胡桃色","pic":""},{"value":"白色","pic":""}]}]', 3, 1);

-- ---- 商品 1：华为轻薄办公笔记本（多规格） ----
INSERT INTO `mb_goods` (`id`, `category_id`, `brand_id`, `name`, `subtitle`, `main_image`, `main_video`, `images`, `spec_type`, `spec_meta`, `sku_detail_enabled`, `price`, `market_price`, `stock`, `sales`, `unit`, `is_on_sale`, `is_recommend`, `is_new`, `is_hot`, `sort`) VALUES
(1,
 5,
 NULL,
 '华为笔记本电脑 14 英寸轻薄商务办公本 12 代酷睿 护眼大屏 学生办公 全新轻薄本',
 '【限时直降 1000】顺丰包邮 · 12 期免息 · 学生认证再减 200',
 33,
 72,
 '[33,29,30,31,32]',
 2,
 '[{"name":"版本","add_pic":0,"values":[{"value":"12代酷睿版","pic":""},{"value":"13代酷睿版","pic":""}]},{"name":"配置","add_pic":0,"values":[{"value":"i5 16G 512G 皓月银","pic":""},{"value":"i7 16G 512G 皓月银","pic":""},{"value":"i7 32G 1T 深空灰","pic":""}]}]',
 1,
 3999.00,
 5999.00,
 487,
 156,
 '台',
 1,
 1,
 1,
 1,
 2);

INSERT INTO `mb_goods_detail` (`goods_id`, `description`) VALUES
(1, '<h3>商品说明</h3><p>这是一款面向日常办公和学习场景的 14 英寸轻薄本，机身重量约 1.38kg，适合通勤携带、会议记录、网课学习和轻量图片处理。</p><p>屏幕比例为 16:10，可视区域比传统 16:9 更高一些，浏览表格、文档和网页时能减少滚动次数。整机接口保留 USB-A、USB-C、HDMI 和耳机孔，常用外设不需要额外扩展坞。</p><h3>配置参数</h3><ul><li>屏幕：14 英寸 / 1920×1200 / 100% sRGB</li><li>处理器：第 12 代 / 第 13 代酷睿可选</li><li>内存：16GB / 32GB LPDDR4X</li><li>硬盘：512GB / 1TB PCIe SSD</li><li>显卡：Intel 锐炬 Xe 核显</li><li>电池：56Wh，续航会因亮度、网络和运行软件不同而变化</li><li>重量：约 1.38kg</li><li>系统：Windows 11 家庭中文版</li></ul><h3>选购建议</h3><p>日常办公、网课和轻量开发建议选择 i5 / 16G / 512G；需要同时打开虚拟机、大型表格或更多设计软件时，再考虑 i7 / 32G / 1T。</p><p>该机型不是独立显卡游戏本，不建议用于大型 3D 游戏或长时间高负载渲染。</p><h3>包装与服务</h3><p>包装内含笔记本主机、电源适配器、电源线和纸质资料。发货前会检查外包装完整性，签收时如发现外箱严重破损，建议先拍照并联系售后。</p><p>整机按官方政策提供质保服务，7 天无理由退换需保持主机、配件、包装和序列号完整。</p>');

INSERT INTO `mb_goods_sku` (`goods_id`, `spec_values`, `price`, `market_price`, `cost_price`, `stock`, `sku_code`, `image`) VALUES
(1, '12代酷睿版,i5 16G 512G 皓月银', 3999.00, 5999.00, 3200.00, 143, 'HW-LP-12-I5-512',   33),
(1, '12代酷睿版,i7 16G 512G 皓月银', 4599.00, 6499.00, 3700.00,  68, 'HW-LP-12-I7-512',   29),
(1, '12代酷睿版,i7 32G 1T 深空灰',   5299.00, 6999.00, 4300.00,  12, 'HW-LP-12-I7-1T',    30),
(1, '13代酷睿版,i5 16G 512G 皓月银', 4399.00, 6299.00, 3500.00,  98, 'HW-LP-13-I5-512',   31),
(1, '13代酷睿版,i7 16G 512G 皓月银', 4999.00, 6999.00, 4000.00, 156, 'HW-LP-13-I7-512',   32),
(1, '13代酷睿版,i7 32G 1T 深空灰',   5799.00, 7999.00, 4600.00,  10, 'HW-LP-13-I7-1T',    30);

INSERT INTO `mb_goods_sku_detail` (`goods_id`, `sku_id`, `description`)
SELECT `goods_id`, `id`, CASE `sku_code`
  WHEN 'HW-LP-12-I5-512' THEN '<h3>12 代 i5 / 16G / 512G</h3><p>适合日常办公、在线课程、轻量开发和文档处理。默认容量适合常用软件和资料归档，外接移动硬盘即可覆盖更多照片或视频素材。</p><ul><li>推荐人群：学生、行政办公、轻量开发</li><li>优势：价格更低，续航压力更小</li><li>注意：不适合长期大型渲染或重度虚拟机</li></ul>'
  WHEN 'HW-LP-12-I7-512' THEN '<h3>12 代 i7 / 16G / 512G</h3><p>在同代平台中提升处理器性能，适合经常同时打开表格、浏览器、会议软件和轻量设计工具的用户。</p><ul><li>推荐人群：多任务办公、轻量图片处理</li><li>优势：处理器余量更足</li><li>注意：内存仍为 16G，重度虚拟机建议选 32G</li></ul>'
  WHEN 'HW-LP-12-I7-1T' THEN '<h3>12 代 i7 / 32G / 1T</h3><p>更适合需要长期保留项目文件、素材和开发环境的用户。32G 内存在大型表格、IDE、浏览器多标签场景下更从容。</p><ul><li>推荐人群：开发、设计辅助、重度办公</li><li>优势：内存和硬盘一步到位</li><li>注意：高负载下风扇声音会更明显</li></ul>'
  WHEN 'HW-LP-13-I5-512' THEN '<h3>13 代 i5 / 16G / 512G</h3><p>在功耗和性能之间更均衡，适合希望新平台、但预算不想拉太高的用户。日常办公和学习体验更稳。</p><ul><li>推荐人群：通勤办公、学生学习</li><li>优势：新平台，综合体验均衡</li><li>注意：大容量资料建议配合云盘或移动硬盘</li></ul>'
  WHEN 'HW-LP-13-I7-512' THEN '<h3>13 代 i7 / 16G / 512G</h3><p>处理器性能更强，适合经常多任务切换、会议录屏、轻量剪辑和图片处理的用户。</p><ul><li>推荐人群：商务办公、内容轻创作</li><li>优势：响应速度更好</li><li>注意：如果项目文件很多，建议考虑 1T 版本</li></ul>'
  ELSE '<h3>13 代 i7 / 32G / 1T</h3><p>这是性能和容量更充足的版本，适合长期作为主力办公本使用。大内存和大硬盘对多任务、开发环境和素材管理更友好。</p><ul><li>推荐人群：重度办公、开发、多软件并行</li><li>优势：内存和容量余量最大</li><li>注意：预算更高，轻办公用户不一定需要</li></ul>'
END
FROM `mb_goods_sku`
WHERE `goods_id` = 1
  AND `sku_code` IN ('HW-LP-12-I5-512', 'HW-LP-12-I7-512', 'HW-LP-12-I7-1T', 'HW-LP-13-I5-512', 'HW-LP-13-I7-512', 'HW-LP-13-I7-1T');

-- ---- 商品 2：松典 5K 数码微单相机（多规格） ----
INSERT INTO `mb_goods` (`id`, `category_id`, `brand_id`, `name`, `subtitle`, `main_image`, `main_video`, `images`, `spec_type`, `spec_meta`, `sku_detail_enabled`, `price`, `market_price`, `stock`, `sales`, `unit`, `is_on_sale`, `is_recommend`, `is_new`, `sort`) VALUES
(2,
 6,
 NULL,
 '松典数码相机 5K 高清微单 复古入门级 学生女生旅游 Vlog 摄影 6 轴防抖',
 '【新品上市】顺丰包邮 · 标配 2 块电池 · WIFI 传输 · 1 年质保',
 13,
 73,
 '[13,9,10,11,12]',
 2,
 '[{"name":"存储","add_pic":0,"values":[{"value":"无卡","pic":""},{"value":"32G","pic":""},{"value":"64G","pic":""},{"value":"128G","pic":""}]},{"name":"套装","add_pic":1,"values":[{"value":"官方标配","pic":13},{"value":"加广角镜套装","pic":9}]}]',
 1,
 959.00,
 1599.00,
 1186,
 219,
 '台',
 1,
 1,
 1,
 3);

INSERT INTO `mb_goods_detail` (`goods_id`, `description`) VALUES
(2, '<h3>商品说明</h3><p>这款复古外观数码相机适合旅行记录、日常随拍、短视频素材采集和入门摄影练习。机身操作以自动模式为主，开机后可以快速完成拍摄，不需要复杂的镜头和参数配置。</p><p>图片和视频效果会受光线、拍摄距离和稳定性影响。夜景、逆光和快速运动场景建议配合补光或三脚架使用。</p><h3>规格参数</h3><ul><li>照片：最高 6400 万像素输出</li><li>视频：最高支持 5K 录制，常用建议 4K / 1080P</li><li>屏幕：3.0 英寸翻转屏</li><li>对焦：自动对焦，支持人脸识别</li><li>防抖：电子防抖，适合手持轻量拍摄</li><li>传输：内置 Wi-Fi，可连接手机传图</li><li>电池：标配 2 块电池，实际续航与录像分辨率有关</li><li>存储：按所选规格配卡或不配卡</li></ul><h3>使用建议</h3><p>第一次使用前建议先充满电，并在相机内格式化存储卡。长时间录像会增加耗电和发热，建议准备备用电池。</p><p>如果主要用于旅行拍照，官方标配即可；如果经常自拍、拍建筑或室内空间，可以选择加广角镜套装。</p><h3>包装清单</h3><p>标配包含相机机身、电池、充电器、数据线、镜头盖、防尘袋和中文说明书。不同套装会随规格增加存储卡或广角镜配件。</p><p>商品支持按平台规则退换，镜头、屏幕保护膜和外观磨损会影响二次销售，请试用时保持配件完整。</p>');

INSERT INTO `mb_goods_sku` (`goods_id`, `spec_values`, `price`, `market_price`, `cost_price`, `stock`, `sku_code`, `image`) VALUES
(2, '无卡,官方标配',      959.00,  1599.00, 480.00, 287, 'SD-CAM-NC-STD',  13),
(2, '无卡,加广角镜套装',  1199.00, 1799.00, 620.00,  46, 'SD-CAM-NC-WIDE', 9),
(2, '32G,官方标配',      999.00,  1599.00, 510.00, 121, 'SD-CAM-32-STD',  13),
(2, '32G,加广角镜套装',  1239.00, 1799.00, 650.00,  88, 'SD-CAM-32-WIDE', 10),
(2, '64G,官方标配',      1029.00, 1699.00, 540.00, 116, 'SD-CAM-64-STD',  11),
(2, '64G,加广角镜套装',  1269.00, 1899.00, 680.00, 192, 'SD-CAM-64-WIDE', 11),
(2, '128G,官方标配',     1099.00, 1799.00, 600.00, 169, 'SD-CAM-128-STD', 12),
(2, '128G,加广角镜套装', 1339.00, 1999.00, 740.00, 167, 'SD-CAM-128-WIDE',12);

INSERT INTO `mb_goods_sku_detail` (`goods_id`, `sku_id`, `description`)
SELECT `goods_id`, `id`, CASE `sku_code`
  WHEN 'SD-CAM-NC-STD' THEN '<h3>无卡 / 官方标配</h3><p>适合已有存储卡，或者只想先体验相机本体的用户。包装包含相机、两块电池和基础配件。</p><ul><li>推荐：已有高速 SD 卡</li><li>优势：入手成本最低</li><li>注意：收到后需自行准备存储卡</li></ul>'
  WHEN 'SD-CAM-NC-WIDE' THEN '<h3>无卡 / 加广角镜套装</h3><p>适合已有存储卡，同时经常自拍、拍室内空间或旅行建筑的用户。广角镜能让画面容纳更多背景。</p><ul><li>推荐：Vlog、自拍、室内拍摄</li><li>优势：画面视角更宽</li><li>注意：广角镜需单独收纳，避免刮花</li></ul>'
  WHEN 'SD-CAM-32-STD' THEN '<h3>32G / 官方标配</h3><p>适合以照片为主、偶尔拍 1080P 视频的入门用户。32G 容量便于即开即用，但长视频需要及时导出。</p><ul><li>推荐：日常随拍、学习摄影</li><li>优势：不用另配卡</li><li>注意：不建议长时间 4K 录制</li></ul>'
  WHEN 'SD-CAM-32-WIDE' THEN '<h3>32G / 加广角镜套装</h3><p>适合短途旅行、探店自拍和轻量 Vlog。广角镜提升取景灵活度，32G 卡适合短片段拍摄。</p><ul><li>推荐：探店、自拍、短途旅行</li><li>优势：配件更完整</li><li>注意：视频素材建议当天备份</li></ul>'
  WHEN 'SD-CAM-64-STD' THEN '<h3>64G / 官方标配</h3><p>适合大多数入门用户，照片和短视频都有一定容量余量。官方标配更轻便，适合随身携带。</p><ul><li>推荐：日常照片 + 短视频</li><li>优势：容量更均衡</li><li>注意：高规格视频仍建议定期导出</li></ul>'
  WHEN 'SD-CAM-64-WIDE' THEN '<h3>64G / 加广角镜套装</h3><p>适合需要更宽取景，又不想频繁换卡的用户。旅行记录、合照和室内场景会更实用。</p><ul><li>推荐：旅行、合照、室内空间</li><li>优势：容量和配件都更均衡</li><li>注意：广角边缘可能有轻微畸变</li></ul>'
  WHEN 'SD-CAM-128-STD' THEN '<h3>128G / 官方标配</h3><p>适合视频素材较多，但不需要广角镜的用户。128G 更适合连续几天旅行记录。</p><ul><li>推荐：旅行拍照、较多视频素材</li><li>优势：容量更放心</li><li>注意：长视频仍建议准备备用电池</li></ul>'
  ELSE '<h3>128G / 加广角镜套装</h3><p>适合主要做 Vlog、旅行记录和自拍的用户。容量、广角镜和双电池组合更适合外出拍摄。</p><ul><li>推荐：Vlog、旅行、自拍</li><li>优势：配件和容量更完整</li><li>注意：长时间录制会增加耗电和发热</li></ul>'
END
FROM `mb_goods_sku`
WHERE `goods_id` = 2
  AND `sku_code` IN ('SD-CAM-NC-STD', 'SD-CAM-NC-WIDE', 'SD-CAM-32-STD', 'SD-CAM-32-WIDE', 'SD-CAM-64-STD', 'SD-CAM-64-WIDE', 'SD-CAM-128-STD', 'SD-CAM-128-WIDE');

-- ---- 商品 3：卡西欧时尚女表（多规格） ----
INSERT INTO `mb_goods` (`id`, `category_id`, `brand_id`, `name`, `subtitle`, `main_image`, `images`, `spec_type`, `spec_meta`, `price`, `market_price`, `stock`, `sales`, `unit`, `is_on_sale`, `is_recommend`, `sort`) VALUES
(3,
 7,
 NULL,
 '卡西欧女表 时尚优雅简约指针防水复古石英手表 学生情侣节日礼物',
 '【七夕礼物】顺丰包邮 · 2 年质保 · 官方授权 · 礼盒包装',
 47,
 '[47]',
 2,
 '[{"name":"表带款式","add_pic":1,"values":[{"value":"经典银","pic":47},{"value":"玫瑰金","pic":47},{"value":"复古金","pic":47},{"value":"雪域白","pic":47}]}]',
 269.00,
 459.00,
 3284,
 612,
 '块',
 1,
 1,
 4);

INSERT INTO `mb_goods_detail` (`goods_id`, `description`) VALUES
(3, '<h3>商品说明</h3><p>这款女表采用小表盘和细表带设计，整体风格偏简洁通勤。表盘直径约 23mm，适合喜欢轻巧、低调配饰的用户。</p><p>金属表带可根据手腕围度拆卸表节，建议收到后先试戴确认松紧，再根据实际情况调整。</p><h3>规格参数</h3><ul><li>机芯：石英机芯</li><li>表壳：不锈钢材质</li><li>表盘：约 23mm</li><li>表带：金属表带，宽约 13mm</li><li>玻璃：矿物玻璃</li><li>防水：30m 生活防水</li><li>包装：礼盒包装，含说明资料</li></ul><h3>佩戴说明</h3><p>生活防水可应对洗手、少量雨水等日常场景，不建议佩戴洗澡、游泳或接触热水蒸汽。</p><p>金属表带长期接触汗液后建议用干布擦拭，避免香水、清洁剂等化学品直接接触表壳和表带。</p><h3>售后说明</h3><p>发货前会检查走时和外观。签收后请先核对表盘、表带、包装和配件是否完整。</p><p>非人为质量问题按平台售后规则处理；已拆膜、明显佩戴痕迹或配件缺失会影响退换。</p>');

INSERT INTO `mb_goods_sku` (`goods_id`, `spec_values`, `price`, `market_price`, `cost_price`, `stock`, `sku_code`, `image`) VALUES
(3, '经典银', 269.00, 459.00, 138.00, 1186, 'CAS-W-SLV', 47),
(3, '玫瑰金', 289.00, 489.00, 148.00,   84, 'CAS-W-RGD', 47),
(3, '复古金', 289.00, 489.00, 148.00,  998, 'CAS-W-VGD', 47),
(3, '雪域白', 269.00, 459.00, 138.00, 1016, 'CAS-W-WHT', 47);

-- ---- 商品 4：美式复古阔腿牛仔裤（多规格） ----
INSERT INTO `mb_goods` (`id`, `category_id`, `brand_id`, `name`, `subtitle`, `main_image`, `images`, `spec_type`, `spec_meta`, `price`, `market_price`, `stock`, `sales`, `unit`, `is_on_sale`, `is_recommend`, `is_new`, `is_hot`, `sort`) VALUES
(4,
 8,
 NULL,
 '美式复古阔腿牛仔裤女 2024 夏季新款 高腰宽松显瘦垂感喇叭拖地裙裤',
 '【限时直降】顺丰包邮 · 7 天无理由 · 24 小时发货 · 三色五款可选',
 28,
 '[28,24,25,26,27]',
 2,
 '[{"name":"尺寸","add_pic":0,"values":[{"value":"XS","pic":""},{"value":"S","pic":""},{"value":"M","pic":""},{"value":"L","pic":""}]},{"name":"颜色分类","add_pic":1,"values":[{"value":"复古蓝","pic":24},{"value":"复古蓝【高质量版】","pic":25},{"value":"浅色","pic":26},{"value":"浅色【高质量版】","pic":26},{"value":"复古蓝【大口袋】","pic":27}]}]',
 49.98,
 200.00,
 29867,
 869,
 '件',
 1,
 1,
 1,
 1,
 5);

INSERT INTO `mb_goods_detail` (`goods_id`, `description`) VALUES
(4, '<h3>商品说明</h3><p>这条牛仔裤为高腰阔腿版型，裤腿从大腿到裤脚留有余量，适合搭配短上衣、衬衫或宽松卫衣。洗水颜色做旧感较明显，每批面料的水洗纹理会有轻微差异。</p><p>拖地裤长对身高和鞋底厚度有要求，建议购买前对照尺码表测量腰围、臀围和裤长。介于两个尺码之间时，偏喜欢宽松可选大一码。</p><h3>面料与尺码</h3><ul><li>成分：棉 78% / 涤纶 20% / 氨纶 2%</li><li>版型：高腰阔腿，裤脚微喇</li><li>裤长：拖地长款，约 102cm 起</li><li>厚度：中等厚度，春夏秋可穿</li><li>弹力：微弹</li><li>工艺：石磨水洗，做旧纹理随机</li><li>洗涤：建议反面冷水洗涤，深浅色分开</li></ul><h3>试穿建议</h3><p>高腰位置建议贴合腰围，臀胯处保留 2-4cm 活动量会更舒适。拖地长度更适合搭配厚底鞋或休闲鞋。</p><p>浅色款视觉更清爽，深色复古蓝更耐搭；带大口袋款风格更偏工装。</p><h3>退换说明</h3><p>服装类商品试穿时请保持吊牌、包装和配件完整，避免香水、洗涤或明显穿着痕迹。</p><p>尺码不合适可按平台规则申请换码；水洗纹理、轻微线头不属于质量问题。</p>');

INSERT INTO `mb_goods_sku` (`goods_id`, `spec_values`, `price`, `market_price`, `cost_price`, `stock`, `sku_code`, `image`) VALUES
(4, 'XS,复古蓝',              59.98, 200.00, 24.00,  956, 'JEANS-XS-DB',     24),
(4, 'XS,复古蓝【高质量版】',   69.98, 200.00, 30.00, 1989, 'JEANS-XS-DB-PRO', 25),
(4, 'XS,浅色',                59.98, 200.00, 24.00, 1993, 'JEANS-XS-LT',     26),
(4, 'XS,浅色【高质量版】',     69.98, 200.00, 30.00, 1994, 'JEANS-XS-LT-PRO', 26),
(4, 'XS,复古蓝【大口袋】',     49.98, 200.00, 22.00, 1997, 'JEANS-XS-DB-BIG', 27),
(4, 'S,复古蓝',               59.98, 200.00, 24.00,  192, 'JEANS-S-DB',      24),
(4, 'S,复古蓝【高质量版】',    69.98, 200.00, 30.00, 1995, 'JEANS-S-DB-PRO',  25),
(4, 'S,浅色',                 59.98, 200.00, 24.00, 1999, 'JEANS-S-LT',      26),
(4, 'S,浅色【高质量版】',      69.98, 200.00, 30.00, 1999, 'JEANS-S-LT-PRO',  26),
(4, 'S,复古蓝【大口袋】',      49.98, 200.00, 22.00, 1999, 'JEANS-S-DB-BIG',  27),
(4, 'M,复古蓝',               59.98, 200.00, 24.00,    0, 'JEANS-M-DB',      24),
(4, 'M,复古蓝【高质量版】',    69.98, 200.00, 30.00, 1999, 'JEANS-M-DB-PRO',  25),
(4, 'M,浅色',                 59.98, 200.00, 24.00, 2000, 'JEANS-M-LT',      26),
(4, 'M,浅色【高质量版】',      69.98, 200.00, 30.00,   38, 'JEANS-M-LT-PRO',  26),
(4, 'M,复古蓝【大口袋】',      49.98, 200.00, 22.00, 2000, 'JEANS-M-DB-BIG',  27),
(4, 'L,复古蓝',               59.98, 200.00, 24.00, 1850, 'JEANS-L-DB',      24),
(4, 'L,复古蓝【高质量版】',    69.98, 200.00, 30.00, 1900, 'JEANS-L-DB-PRO',  25),
(4, 'L,浅色',                 59.98, 200.00, 24.00, 1850, 'JEANS-L-LT',      26),
(4, 'L,浅色【高质量版】',      69.98, 200.00, 30.00, 1880, 'JEANS-L-LT-PRO',  26),
(4, 'L,复古蓝【大口袋】',      49.98, 200.00, 22.00, 1900, 'JEANS-L-DB-BIG',  27);

-- ---- 商品 5：小木槿意式轻奢单人沙发椅（多规格） ----
INSERT INTO `mb_goods` (`id`, `category_id`, `brand_id`, `name`, `subtitle`, `main_image`, `images`, `spec_type`, `spec_meta`, `price`, `market_price`, `stock`, `sales`, `unit`, `is_on_sale`, `is_recommend`, `sort`) VALUES
(5,
 10,
 NULL,
 '小木槿意式轻奢设计师款单人沙发椅 极简客厅 网红老虎椅 休闲椅五色可选',
 '【设计师款】送货到家 · 一年质保 · 木箱包装 · 一年内有质量问题可退换',
 40,
 '[40,36,37,38,39]',
 2,
 '[{"name":"颜色","add_pic":1,"values":[{"value":"橙色","pic":40},{"value":"墨绿色","pic":36},{"value":"浅灰","pic":37},{"value":"米白色","pic":38},{"value":"卡其色","pic":39}]}]',
 899.00,
 1399.00,
 7445,
 102,
 '把',
 1,
 1,
 1);

INSERT INTO `mb_goods_detail` (`goods_id`, `description`) VALUES
(5, '<h3>商品说明</h3><p>这款单人沙发椅适合放在客厅边位、卧室阅读角、书房或阳台休闲区。整体坐感偏支撑，不是软塌型懒人沙发，适合短休、阅读和会客使用。</p><p>扶手线条较宽，视觉存在感强，建议预留至少 85cm × 85cm 的摆放空间，避免靠墙或靠柜时显得局促。</p><h3>规格与材质</h3><ul><li>框架：实木框架</li><li>填充：高密度海绵，坐感偏中等支撑</li><li>面料：科技布，日常可用湿布轻擦</li><li>尺寸：长 76 × 宽 75 × 高 84 cm</li><li>坐高：约 43cm</li><li>承重：建议 200kg 内使用</li><li>颜色：橙色、墨绿色、浅灰、米白、卡其</li></ul><h3>选色建议</h3><p>橙色适合作为空间点缀，墨绿色更适合复古或深色木质空间；浅灰和米白更百搭，但浅色面料需要更注意日常清洁。</p><p>不同屏幕和室内光线会影响颜色观感，实物颜色以自然光下为准。</p><h3>收货与维护</h3><p>沙发为大件商品，发货前会做外箱加固。签收前建议先检查外包装，如发现明显破损请拍照留证。</p><p>日常避免长时间暴晒，液体泼洒后请及时吸干并轻擦。大面积污渍建议联系专业清洁服务处理。</p>');

INSERT INTO `mb_goods_sku` (`goods_id`, `spec_values`, `price`, `market_price`, `cost_price`, `stock`, `sku_code`, `image`) VALUES
(5, '橙色',   899.00, 1399.00, 420.00, 1474, 'SOFA-OR', 40),
(5, '墨绿色', 899.00, 1399.00, 420.00, 1500, 'SOFA-DG', 36),
(5, '浅灰',   899.00, 1399.00, 420.00, 1471, 'SOFA-LG', 37),
(5, '米白色', 999.00, 1499.00, 460.00, 1500, 'SOFA-IV', 38),
(5, '卡其色', 899.00, 1399.00, 420.00, 1500, 'SOFA-KH', 39);

-- ---- 商品 6：米维卡现代意式轻奢梳妆台（多规格） ----
INSERT INTO `mb_goods` (`id`, `category_id`, `brand_id`, `name`, `subtitle`, `main_image`, `images`, `spec_type`, `spec_meta`, `price`, `market_price`, `stock`, `sales`, `unit`, `is_on_sale`, `is_recommend`, `is_new`, `sort`) VALUES
(6,
 10,
 NULL,
 '米维卡现代意式轻奢梳妆台 卧室主卧化妆桌 收纳一体木面妆台 含妆凳套装',
 '【设计师联名】送货上门 · 12 期免息 · 5 年质保 · 含 LED 化妆镜',
 46,
 '[46,42,43,44,45]',
 2,
 '[{"name":"套装","add_pic":1,"values":[{"value":"单妆台","pic":46},{"value":"妆台+妆凳","pic":42}]},{"name":"配色","add_pic":0,"values":[{"value":"原木面","pic":""},{"value":"胡桃面","pic":""}]}]',
 4998.00,
 9999.00,
 1976,
 167,
 '套',
 1,
 1,
 1,
 6);

INSERT INTO `mb_goods_detail` (`goods_id`, `description`) VALUES
(6, '<h3>商品说明</h3><p>这款梳妆台适合主卧、次卧或衣帽间使用，桌面宽度约 100cm，能放下常用护肤品、化妆镜和小型收纳盒。套装款含妆凳，单妆台款不含妆凳。</p><p>桌面和柜体为板材结构，搬运和安装时请避免拖拽边角。靠墙摆放时建议预留插座位置，方便镜灯和小电器使用。</p><h3>规格与材质</h3><ul><li>主材：E1 级环保中纤板，表面木纹饰面</li><li>桌面：约 100 × 45 cm</li><li>高度：约 76 cm</li><li>抽屉：三层收纳，可放护肤品和小件工具</li><li>化妆镜：LED 三色温，亮度按键调节</li><li>五金：静音滑轨和缓冲铰链</li><li>配色：原木面 / 胡桃面</li></ul><h3>安装与使用</h3><p>商品为大件家具，建议两人配合安装。安装前先核对板件、五金和说明书，避免一次性拆散全部包装后混淆配件。</p><p>镜灯接电后如不使用，建议关闭开关并保持桌面干燥。桌面沾水后请及时擦干，避免长时间积水。</p><h3>包装清单</h3><p>单妆台款包含妆台、化妆镜、五金包和安装说明；套装款额外包含妆凳。偏远地区或上楼安装服务以页面提示和客服确认为准。</p>');

INSERT INTO `mb_goods_sku` (`goods_id`, `spec_values`, `price`, `market_price`, `cost_price`, `stock`, `sku_code`, `image`) VALUES
(6, '单妆台,原木面',     4998.00,  9999.00, 2400.00, 487, 'VAN-S-OAK',  46),
(6, '单妆台,胡桃面',     5198.00,  9999.00, 2500.00, 388, 'VAN-S-WAL',  43),
(6, '妆台+妆凳,原木面',  5998.00, 11999.00, 2800.00, 612, 'VAN-SS-OAK', 42),
(6, '妆台+妆凳,胡桃面',  6198.00, 11999.00, 2900.00, 489, 'VAN-SS-WAL', 44);

-- 商品标签关系
INSERT INTO `mb_goods_tag_relation` (`goods_id`, `tag_id`) VALUES
(1, 1), (1, 2), (1, 3),
(2, 1), (2, 3),
(3, 2), (3, 4),
(4, 1), (4, 3), (4, 4),
(5, 2), (5, 4),
(6, 1), (6, 2);

-- 演示用商品保障
UPDATE `mb_setting` SET `value` = '[{"title":"正品保障","desc":"平台严选商品来源","icon":"shield"},{"title":"极速发货","desc":"现货商品优先出库","icon":"truck"},{"title":"七天无理由","desc":"符合条件可无理由退货","icon":"refresh"},{"title":"售后无忧","desc":"订单售后进度可追踪","icon":"service"}]'
WHERE `code` = 'client_goods_guarantees';
